,Age,Gender,Height,Weight,DiasABP_first,HR_first,MAP_first,NIDiasABP_first,NIMAP_first,NISysABP_first,RespRate_first,SaO2_first,SysABP_first,Temp_first,Weight_first
Age,1.0,0.08937933126993763,0.013919095497812908,0.2151946519773716,0.23766138730903952,0.2016403206823908,0.05952833376410032,0.16401393945017595,0.10734958225660822,0.011180134792476856,0.055397743964976695,0.05782057330269244,0.01666394184832545,0.129723039253659,0.20426980707649073
Gender,0.08937933126993763,1.0,0.007659577845568977,0.26855574253607684,0.028159716362870086,0.020102097504267485,0.03147743488908557,0.09666016157821133,0.06880054305376482,0.007869899742679832,0.052483391754841194,0.0015229601845457668,0.026867607680608578,0.013679075393590317,0.2664092101601509
Height,0.013919095497812908,0.007659577845568977,1.0,0.0023383398106991905,0.010225620576359735,0.03874327656724052,0.056726137023055546,0.007200732963910311,0.01142333854604672,0.01460536704584384,0.042680467362559364,0.021447817206983626,0.022066880041122446,0.007597093788712646,0.010215465225544576
Weight,0.2151946519773716,0.26855574253607684,0.0023383398106991905,1.0,0.07925333709521643,0.00566375138136563,0.02892178428501688,0.01992591596934448,0.01350708679757999,0.005859989876001727,0.011553867411612238,0.05526330923958095,0.00569847222482637,0.07859046892755453,0.9682310630269613
DiasABP_first,0.23766138730903952,0.028159716362870086,0.010225620576359735,0.07925333709521643,1.0,0.0795095753919965,0.6171898436353503,0.38588721315833435,0.3580900141258671,0.23355224475028225,0.07928686026540621,0.019154828278626513,0.6473793748677015,0.0500587536890312,0.0707896358057815
HR_first,0.2016403206823908,0.020102097504267485,0.03874327656724052,0.00566375138136563,0.0795095753919965,1.0,0.015856382291406675,0.12983215013123642,0.056327840498184616,0.04654714476761625,0.3526828717270027,0.12626404698264906,0.12387589402749906,0.24974268331405938,6.597301139400534e-05
MAP_first,0.05952833376410032,0.03147743488908557,0.056726137023055546,0.02892178428501688,0.6171898436353503,0.015856382291406675,1.0,0.22021958210348822,0.23816837476005226,0.19886658299650695,0.08472702769520174,0.01872812927171249,0.566291177142398,0.04891646652442566,0.03020316074038445
NIDiasABP_first,0.16401393945017595,0.09666016157821133,0.007200732963910311,0.01992591596934448,0.38588721315833435,0.12983215013123642,0.22021958210348822,1.0,0.9052091058229206,0.5985781240564737,0.017943025332022456,0.04107556135270749,0.2618593124358969,0.10057619994446,0.017343529260680366
NIMAP_first,0.10734958225660822,0.06880054305376482,0.01142333854604672,0.01350708679757999,0.3580900141258671,0.056327840498184616,0.23816837476005226,0.9052091058229206,1.0,0.8448603307715469,0.04178362779225967,0.016792082610302447,0.37625567267656385,0.11545973111150802,0.020007984541306065
NISysABP_first,0.011180134792476856,0.007869899742679832,0.01460536704584384,0.005859989876001727,0.23355224475028225,0.04654714476761625,0.19886658299650695,0.5985781240564737,0.8448603307715469,1.0,0.06698301527965242,0.008831139957229958,0.4428044475337917,0.10847047619930035,0.015637562303294293
RespRate_first,0.055397743964976695,0.052483391754841194,0.042680467362559364,0.011553867411612238,0.07928686026540621,0.3526828717270027,0.08472702769520174,0.017943025332022456,0.04178362779225967,0.06698301527965242,1.0,0.19861186865791777,0.1305376078670778,0.12356898657388751,0.019488782099730602
SaO2_first,0.05782057330269244,0.0015229601845457668,0.021447817206983626,0.05526330923958095,0.019154828278626513,0.12626404698264906,0.01872812927171249,0.04107556135270749,0.016792082610302447,0.008831139957229958,0.19861186865791777,1.0,0.044637774371961016,0.04863300126637343,0.04286107452762032
SysABP_first,0.01666394184832545,0.026867607680608578,0.022066880041122446,0.00569847222482637,0.6473793748677015,0.12387589402749906,0.566291177142398,0.2618593124358969,0.37625567267656385,0.4428044475337917,0.1305376078670778,0.044637774371961016,1.0,0.07803230785564824,0.0023386106351823226
Temp_first,0.129723039253659,0.013679075393590317,0.007597093788712646,0.07859046892755453,0.0500587536890312,0.24974268331405938,0.04891646652442566,0.10057619994446,0.11545973111150802,0.10847047619930035,0.12356898657388751,0.04863300126637343,0.07803230785564824,1.0,0.03799631180726771
Weight_first,0.20426980707649073,0.2664092101601509,0.010215465225544576,0.9682310630269613,0.0707896358057815,6.597301139400534e-05,0.03020316074038445,0.017343529260680366,0.020007984541306065,0.015637562303294293,0.019488782099730602,0.04286107452762032,0.0023386106351823226,0.03799631180726771,1.0
